code,inv0,inv1,inv2,inv3,inv4,inv5,inv6,inv7,inv8,inv9,inv10,inv11,inv12,inv14,inv15,inv16
DOM-6NO,0,0,0,0,0,0,0,0,0,0,0,0,0,0,0,1890354
DOM-ALC,0,0,0,16110722.99,23755065.7,20419701.5,22705077.88,40192104.07,37723217.65,28511505.5,21776166.76,22307044.2,23142258.73,28846815.7,27461136.4,25518598.92
DOM-ALT,0,0,0,2.30E+07,23100000,18054631.52,6644269.47,11473401.61,13288869.47,10076670.56,7527225,5827436,5826800,5407289.4,5949306.9,11435533.57
DOM-AND,0,0,0,0,0,0,0,0,0,148803,150803,884314,746667,789922,803290,935650
DOM-ARM,0,0,0,7131271,8576310,9207504.27,11921351.15,16658481.31,16097596.35,7922821.33,8538776.22,7005128.7,7648324.93,2728910.8,5452953.6,7167910.28
DOM-BAN,0,0,0,8464186.23,11476981.97,11633110.54,11181251.34,10623336.78,30910851.47,28193395,10800470.35,11832510.3,10903773.99,4170565.5,5021427.1,7576911.08
DOM-BAR,0,0,0,18400000,1.30E+07,2.60E+07,25800000,3.30E+07,3.30E+07,5000000,8.00E+06,8000000,8.00E+06,14978000,14978000,17700000
DOM-BON,0,0,0,6515255.25,9978904.25,12456822.73,16068093.86,7902683.75,5229793.4,3090140.81,2710115,2502840,2674382,3326537,3198062,3087012.18
DOM-CAD,0,0,0,0,0,0,0,0,0,0,0,0,0,0,0,0
DOM-CHE,0,0,0,11701944,12451195,12578026,11544005.88,13078586.88,11670132.56,9529543.84,9674380.13,12627628.3,22727726.14,10086381.8,13252725.1,11888282
DOM-CIB,0,0,0,850000,200022,447688.04,687068,4812539.37,27578537.13,26346861.1,28720043.69,23317650.2,8287450.3,14723507.1,13991905,14983445.16
DOM-CIP,0,0,0,41356877,87086690.8,67237667.9,80945068.95,106653235.4,94008689.99,97436928.19,98848558.18,74088828.3,90022192.1,81632133.9,86613144.4,75017908.83
DOM-CON,0,0,0,0,0,0,0,0,0,0,0,0,0,18200000,17036793.9,14670572.54
DOM-CRI,0,0,0,54751310,160500579.5,227382639.8,255296543.6,192590839.4,176024106.6,170061663.1,223399295.8,303716964.3,353293339.5,457875277.8,327128636.3,400875948.6
DOM-CTQ,0,0,0,0,0,0,0,0,0,0,0,0,0,0,7972912.2,4417394.92
DOM-DOS,0,0,0,0,0,0,7.00E+07,7.00E+07,1.10E+08,110000000,1.10E+08,65161871.9,96729338.25,208986256,208986256,211987405
DOM-ECO,0,0,0,0,0,0,0,0,0,0,0,0,0,0,0,0
DOM-EMI,0,0,0,0,0,0,0,0,0,0,0,0,0,4030000,4030000,7121521.1
DOM-ESP,0,0,0,12821702.37,16494059.37,16458862.26,15128216.15,26105748.75,28691078,25574506,28160673,22456491.7,21562882,22563480,21882449,19795843.72
DOM-EXC,0,0,0,2429044,3270065.43,2866943.55,1955626.55,2329221.93,3069408,3108964,3323751.86,5980000,8.00E+06,7930600,8330000,8330000
DOM-FLO,0,0,0,0,0,0,0,0,0,0,0,0,0,0,0,0
DOM-FRA,0,0,0,5152726.27,5617302.37,2347939.3,1990981.67,645107.69,596096.89,999000,131939.96,1053438.3,588095,344510.7,291266.4,3353902.07
DOM-GLO,0,0,0,8888888,7733334,4600000,4900000,0,0,0,0,0,187420,440900,428211,728733
DOM-GUR,0,0,0,6210741,10256846.97,7955826.97,16641399.67,24958839.6,12312060.73,10867492.33,7227145.02,6222335,17197448.36,24826481,25429550.4,27261655.52
DOM-HAI,0,0,0,22736105.85,7538698,5808123.7,6962329,9095812.52,11086818.52,12415013.52,12482560.08,11066456.6,9794817.22,14811170.4,21419086.9,22329475.47
DOM-HAN,0,0,0,2500000,2750000,1050000,1050000,1568802.79,16168567.63,14974244.52,16721603.52,18372661.8,18962933.17,19516688.6,31710575.8,25844201.88
DOM-HAT,0,0,0,1141975,1141975,1241975,1301975,6.00E+05,480000,0,0,350000,3501456,1201975,1401975,1237451
DOM-HER,0,0,0,0,0,0,0,0,0,0,0,0,0,1467025,3385283.6,3480183.61
DOM-HIP,0,0,0,0,0,0,0,0,0,0,0,0,0,0,3009858.1,3009858.14
DOM-HIS,0,0,0,0,0,1599051.22,2.00E+06,1200000,3679944.94,3679944.94,3500000,2968677,2828048.7,3605100,4065900,4930475
DOM-INE,0,0,0,0,0,0,0,0,0,0,0,0,0,0,0,11243908.33
DOM-INF,0,0,0,0,0,0,0,0,0,0,0,0,0,201930.5,201930.5,210000
DOM-INT,0,0,0,0,0,0,0,0,0,0,45300000,46400000,46400000,5700000,5700000,7300000
DOM-ISI,0,0,0,88929794.99,119380624.7,146063919.8,144863643,149106646.7,133164130.9,127627579.5,138930602,160469275.9,173580748.7,267320687,209311735.1,185910845.6
DOM-LAS,0,0,0,139389061.7,185309783.6,181067451.1,197337263,184298723.9,368203479.7,410015315.9,393617488.6,357020442.4,342177049.4,356027384.7,333853320.5,383936907.5
DOM-LEO,0,0,0,0,0,0,0,0,0,0,0,0,0,0,0,0
DOM-LIM,0,0,0,0,0,3816492.03,4198206.6,4049887.1,2848669.88,3777074.21,5526995.41,5087227.7,5087227.7,7409162,3586845.4,5604124.68
DOM-MAC,0,0,0,83843844,100904818.5,106283114,104410800.5,117742843.3,98933247.8,110444428.2,105633982.4,117392030.2,133914998.3,148635877.4,288228578.3,306711790.8
DOM-MEL,0,0,0,13650000,14102621.34,8624705.4,12626748.12,3515124.09,8685092.14,11636577.68,9026248.52,10109835.7,7569908.06,15926641.2,16124936.1,16910749.48
DOM-MOC,0,0,0,19375638.58,21035018.44,15318517.88,18295503.41,11104546.94,12960052.24,12862324.05,21420726.14,19610193.8,9765436.56,12577321.8,11770957.9,17494945.85
DOM-MUL,0,0,1103830.66,1211975,98458000,8818000,10050000,10050000,15925000,15815800,16115800,20499000,20435709.36,20844020.9,10264020.9,10459806.19
DOM-NAV,0,0,0,6707000,5890000,3.00E+06,3050000,3.00E+06,3300000,4050000,3665907.2,3179000,1.00E+06,2974785,2963405,9649330
DOM-NIG,0,0,0,45382984,49377353.6,61298975.2,64785080.84,95595446.6,64419418.85,65395527.47,60612832.47,65181742.5,64887479.8,68666906.5,78101109.8,84454679.9
DOM-PAL,0,0,0,0,1.00E+06,1214000,4164166,4556000,5836575,2483896.54,3424002,5359568,5833873.04,5393078.7,6212990.1,5417113.82
DOM-PAM,0,0,0,5976065,30828690.65,90639471.75,45223430.67,57949101.84,66846200.86,75855965.24,80389236.4,79196505.2,39204030.99,38544393.1,48741389.4,49619554.78
DOM-PED,0,0,0,266000,3.00E+05,3.00E+05,550000,6.00E+05,2050000,2050000,2.80E+07,17000000,1.70E+07,9000000,11829180.1,1.20E+07
DOM-PIS,0,0,0,34727911.99,51031152.32,51906663.2,291202879.9,292936282.9,46345306.82,34759834.05,39089445.76,38503009.9,44936043.66,61922862.3,84258181.2,103649145.3
DOM-PUE,0,0,0,6737670,7243739.7,5577664.02,3957960.35,3939774,3893221.55,4699014.8,2893421.81,4141555.4,6387900.94,8553756.2,12873522.6,13735084.78
DOM-RII,0,0,0,6396839.41,6113989.41,3964157,4690000,5483987.29,5014887.93,3984599.93,25974000,25939379.3,22007694.58,153641645.4,199692125.6,26320202.75
DOM-ROM,0,0,0,2504.81,64475784.34,86871487.46,88924034.34,107540272.8,142417240.5,149027694.1,117961569.5,96090446.4,109348909.2,22350938.8,27487893.6,190093144.4
DOM-S12,225923451.6,204519706,224106287.1,249613960.8,299285306.2,364876269.1,388270658.3,236055928.7,310274473.9,300025234.2,278022900.5,282651061.6,300309573.2,327431525,394255108.6,481804920
DOM-SEI,0,0,0,1.00E+06,1200000,1280000,380000,270000,485000,100000,180000,165428,350000,500000,500000,750000
DOM-SLI,5324144,5841036,5266436,5096523.67,5896089.89,6888061.78,5602682.06,6624658.03,8454945.33,8538773.87,7826394.28,6885414.8,4546693.8,6167959.6,7697014.1,8488603.96
DOM-TAL,0,0,0,0,0,0,0,0,0,0,0,0,0,0,146216,1050670.4
DOM-TAM,0,0,0,2820734.09,2960950,2493256.3,5051256.3,11281686,19152530.4,25009980.96,25743439.15,31327567.4,34757363.57,119205726.2,135653985.1,135588673.2
DOM-VEG,0,0,0,28916103,25048742.11,36825806.62,67878688.21,58628083.13,29048057.92,31272807.25,41049789.56,40072679.2,41397804.18,44213754.4,49863556.7,48503969.15
DOM-VER,0,0,0,0,0,0,0,0,0,0,0,0,0,0,0,0
DOM-VIS,0,0,0,0,268000,61659000,5.80E+07,113481652,131602799.7,131602799.7,1.40E+08,151000000,152692579.4,283200500,283200500,283200500
DOM-ZFE,89407341.28,115555165.5,103819228.7,122129320.8,153468289,246648419.8,338633896.3,356838732.8,476832894.9,614755059.9,612665215.3,645592057,734664960.1,706226438.4,796046472.8,815912571.9